Workbook

Sheet Summary
B2: FEM | C2: Element | D2: NID | E2: S1 | F2: S2 | G2: S12 | H2: S_max | I2: % Difference | K2: psi | L2: match Row
B3: PyDFEM6 | C3: {=INDEX(CQ4DFEM6!B:B,$L$3)} -> 5774 | D3: {=INDEX(CQ4DFEM6!C:C,$L3)} -> 7284 | E3: {=INDEX(CQ4DFEM6!D:D,$L3)/1000} -> 22.706367 | F3: {=INDEX(CQ4DFEM6!E:E,$L3)/1000} -> 2.2873637 | G3: {=INDEX(CQ4DFEM6!F:F,$L3)/1000} -> -2.136171 | H3: {=INDEX(CQ4DFEM6!G:G,$L3)/1000} -> 22.762085 | I3: =(H3-H4)/$H$6 -> -0.037941851 | K3: =MAX(CQ4DFEM6!G:G) -> 22762.085 | L3: =MATCH(K3,CQ4DFEM6!G:G,0) -> 1946
B4: PyDFEM8 | C4: {=INDEX(CQ4DFEM8!B:B,$L$3)} -> 3950 | D4: {=INDEX(CQ4DFEM8!C:C,$L4)} -> 4170 | E4: {=INDEX(CQ4DFEM8!D:D,$L4)/1000} -> 23.439693 | F4: {=INDEX(CQ4DFEM8!E:E,$L4)/1000} -> 3.114166 | G4: {=INDEX(CQ4DFEM8!F:F,$L4)/1000} -> -4.431875 | H4: {=INDEX(CQ4DFEM8!G:G,$L4)/1000} -> 23.678475 | I4: =(H4-H5)/$H$6 -> -0.019621966 | K4: =MAX(CQ4DFEM8!G:G) -> 23678.475 | L4: =MATCH(K4,CQ4DFEM8!G:G,0) -> 2481
B5: PyDFEM10 | C5: {=INDEX(CQ4DFEM10!B:B,$L$3)} -> 4149 | D5: {=INDEX(CQ4DFEM10!C:C,$L5)} -> 5295 | E5: {=INDEX(CQ4DFEM10!D:D,$L5)/1000} -> 23.978103 | F5: {=INDEX(CQ4DFEM10!E:E,$L5)/1000} -> 2.9088198 | G5: {=INDEX(CQ4DFEM10!F:F,$L5)/1000} -> -3.8484081 | H5: {=INDEX(CQ4DFEM10!G:G,$L5)/1000} -> 24.152394 | I5: =(H5-H6)/$H$6 -> -3.8529845e-06 | K5: =MAX(CQ4DFEM10!G:G) -> 24152.394 | L5: =MATCH(K5,CQ4DFEM10!G:G,0) -> 2585
B6: PyDFEM12 | C6: {=INDEX(CQ4DFEM12!B:B,$L$3)} -> 2810 | D6: {=INDEX(CQ4DFEM12!C:C,$L6)} -> 3557 | E6: {=INDEX(CQ4DFEM12!D:D,$L6)/1000} -> 24.013131 | F6: {=INDEX(CQ4DFEM12!E:E,$L6)/1000} -> 2.7786963 | G6: {=INDEX(CQ4DFEM12!F:F,$L6)/1000} -> -3.4517092 | H6: {=INDEX(CQ4DFEM12!G:G,$L6)/1000} -> 24.152487 | I6: 0 | K6: =MAX(CQ4DFEM12!G:G) -> 24152.487 | L6: =MATCH(K6,CQ4DFEM12!G:G,0) -> 2575

Sheet CQ4DFEM6
A1: 6 Elements
B2: Element | C2: NID | D2: S1 | E2: S2 | F2: S12 | G2: S_max | H2: S_min
A3: 0 | B3: 145 | C3: 287 | D3: 3821.5497 | E3: 1261.1114 | F3: 0 | G3: 3821.5497 | H3: 1261.1114
A4: 1 | B4: 145 | C4: 288 | D4: 3713.5325 | E4: 933.7868 | F4: 1.4730278 | G4: 3713.5327 | H4: 933.7866
A5: 2 | B5: 145 | C5: 367 | D5: 3717.6784 | E5: 935.15492 | F5: -101.91472 | G5: 3718.6113 | H5: 934.22204
A6: 3 | B6: 145 | C6: 366 | D6: 3825.6955 | E6: 1262.4795 | F6: -103.38774 | G6: 3826.7376 | H6: 1261.4374
A7: 4 | B7: 146 | C7: 288 | D7: 3921.5136 | E7: 1002.4205 | F7: 1.4730278 | G7: 3921.5138 | H7: 1002.4204
A8: 5 | B8: 146 | C8: 289 | D8: 3818.4314 | E8: 690.0502 | F8: 4.1792439 | G8: 3818.4328 | H8: 690.0488
A9: 6 | B9: 146 | C9: 368 | D9: 3826.048 | E9: 692.56369 | F9: -94.485166 | G9: 3826.7601 | H9: 691.85159
A10: 7 | B10: 146 | C10: 367 | D10: 3929.1302 | E10: 1004.934 | F10: -97.191383 | G10: 3929.9376 | H10: 1004.1267
A11: 8 | B11: 147 | C11: 289 | D11: 4003.5379 | E11: 751.13534 | F11: 4.1792439 | G11: 4003.5392 | H11: 751.134
A12: 9 | B12: 147 | C12: 290 | D12: 3913.382 | E12: 477.93584 | F12: 7.4509183 | G12: 3913.3861 | H12: 477.9318
A13: 10 | B13: 147 | C13: 369 | D13: 3922.5902 | E13: 480.97452 | F13: -78.841043 | G13: 3923.0416 | H13: 480.52305
A14: 11 | B14: 147 | C14: 368 | D14: 4012.746 | E14: 754.17402 | F14: -82.112718 | G14: 4013.2632 | H14: 753.65682
... A1948: 1936 | B1948: 5774 | C1948: 7353 | D1948: 15863.388 | E1948: 1538.2656 | F1948: -4045.4734 | G1948: 16143.524 | H1948: 1258.1292

Sheet CQ4DFEM8
A1: 8 Element
B2: Element | C2: NID | D2: S1 | E2: S2 | F2: S12 | G2: S_max | H2: S_min
A3: 0 | B3: 145 | C3: 287 | D3: 3821.5497 | E3: 1261.1114 | F3: 0 | G3: 3821.5497 | H3: 1261.1114
A4: 1 | B4: 145 | C4: 288 | D4: 3713.5327 | E4: 933.78703 | F4: 1.4730313 | G4: 3713.5329 | H4: 933.78683
A5: 2 | B5: 145 | C5: 367 | D5: 3717.6785 | E5: 935.15516 | F5: -101.91465 | G5: 3718.6114 | H5: 934.22227
A6: 3 | B6: 145 | C6: 366 | D6: 3825.6955 | E6: 1262.4795 | F6: -103.38768 | G6: 3826.7377 | H6: 1261.4374
A7: 4 | B7: 146 | C7: 288 | D7: 3921.5135 | E7: 1002.4207 | F7: 1.4730313 | G7: 3921.5137 | H7: 1002.4205
A8: 5 | B8: 146 | C8: 289 | D8: 3818.4314 | E8: 690.05062 | F8: 4.1792557 | G8: 3818.4328 | H8: 690.04923
A9: 6 | B9: 146 | C9: 368 | D9: 3826.0481 | E9: 692.56412 | F9: -94.485074 | G9: 3826.7602 | H9: 691.85202
A10: 7 | B10: 146 | C10: 367 | D10: 3929.1302 | E10: 1004.9342 | F10: -97.191298 | G10: 3929.9376 | H10: 1004.1269
A11: 11 | B11: 147 | C11: 368 | D11: 4012.7458 | E11: 754.17439 | F11: -82.112598 | G11: 4013.2631 | H11: 753.65718
A12: 10 | B12: 147 | C12: 369 | D12: 3922.5901 | E12: 480.97522 | F12: -78.84091 | G12: 3923.0416 | H12: 480.52376
A13: 8 | B13: 147 | C13: 289 | D13: 4003.5377 | E13: 751.1357 | F13: 4.1792557 | G13: 4003.539 | H13: 751.13435
A14: 9 | B14: 147 | C14: 290 | D14: 3913.382 | E14: 477.93653 | F14: 7.4509444 | G14: 3913.386 | H14: 477.93249
... A2487: 2475 | B2487: 4085 | C2487: 4170 | D2487: 22403.546 | E2487: 2732.337 | F2487: -4288.255 | G2487: 22634.54 | H2487: 2501.3434

Sheet CQ4DFEM10
A1: 10 Elements
B2: Element | C2: NID | D2: S1 | E2: S2 | F2: S12 | G2: S_max | H2: S_min
A3: 0 | B3: 145 | C3: 287 | D3: 3821.5498 | E3: 1261.1114 | F3: 0 | G3: 3821.5498 | H3: 1261.1114
A4: 1 | B4: 145 | C4: 288 | D4: 3713.5328 | E4: 933.78703 | F4: 1.4730282 | G4: 3713.533 | H4: 933.78684
A5: 2 | B5: 145 | C5: 367 | D5: 3717.6786 | E5: 935.15516 | F5: -101.91466 | G5: 3718.6115 | H5: 934.22227
A6: 3 | B6: 145 | C6: 366 | D6: 3825.6957 | E6: 1262.4796 | F6: -103.38769 | G6: 3826.7378 | H6: 1261.4375
A7: 4 | B7: 146 | C7: 288 | D7: 3921.5137 | E7: 1002.4207 | F7: 1.4730282 | G7: 3921.5139 | H7: 1002.4205
A8: 5 | B8: 146 | C8: 289 | D8: 3818.4315 | E8: 690.05063 | F8: 4.1792493 | G8: 3818.4329 | H8: 690.04924
A9: 6 | B9: 146 | C9: 368 | D9: 3826.0482 | E9: 692.56413 | F9: -94.485081 | G9: 3826.7603 | H9: 691.85203
A10: 7 | B10: 146 | C10: 367 | D10: 3929.1303 | E10: 1004.9342 | F10: -97.191302 | G10: 3929.9377 | H10: 1004.1269
A11: 11 | B11: 147 | C11: 368 | D11: 4012.746 | E11: 754.1744 | F11: -82.112595 | G11: 4013.2632 | H11: 753.65719
A12: 10 | B12: 147 | C12: 369 | D12: 3922.5903 | E12: 480.97526 | F12: -78.84091 | G12: 3923.0417 | H12: 480.5238
A13: 8 | B13: 147 | C13: 289 | D13: 4003.5378 | E13: 751.13571 | F13: 4.1792493 | G13: 4003.5392 | H13: 751.13436
A14: 9 | B14: 147 | C14: 290 | D14: 3913.3821 | E14: 477.93657 | F14: 7.450935 | G14: 3913.3861 | H14: 477.93253
... A2590: 2572 | B2590: 4310 | C2590: 5604 | D2590: 17705.264 | E2590: 717.93346 | F2590: -3221.8209 | G2590: 17856.677 | H2590: 566.52024

Sheet CQ4DFEM12
A1: 12 Elements
B2: Element | C2: NID | D2: S1 | E2: S2 | F2: S12 | G2: S_max | H2: S_min
A3: 0 | B3: 145 | C3: 287 | D3: 3821.5496 | E3: 1261.1114 | F3: 0 | G3: 3821.5496 | H3: 1261.1114
A4: 1 | B4: 145 | C4: 288 | D4: 3713.5326 | E4: 933.78707 | F4: 1.4730345 | G4: 3713.5328 | H4: 933.78687
A5: 2 | B5: 145 | C5: 367 | D5: 3717.6784 | E5: 935.1552 | F5: -101.91462 | G5: 3718.6113 | H5: 934.22231
A6: 3 | B6: 145 | C6: 366 | D6: 3825.6955 | E6: 1262.4795 | F6: -103.38766 | G6: 3826.7376 | H6: 1261.4374
A7: 4 | B7: 146 | C7: 288 | D7: 3921.5134 | E7: 1002.4207 | F7: 1.4730345 | G7: 3921.5136 | H7: 1002.4206
A8: 5 | B8: 146 | C8: 289 | D8: 3818.4313 | E8: 690.0507 | F8: 4.1792633 | G8: 3818.4327 | H8: 690.04931
A9: 6 | B9: 146 | C9: 368 | D9: 3826.048 | E9: 692.56421 | F9: -94.485049 | G9: 3826.7601 | H9: 691.85211
A10: 7 | B10: 146 | C10: 367 | D10: 3929.1301 | E10: 1004.9342 | F10: -97.191278 | G10: 3929.9375 | H10: 1004.1269
A11: 11 | B11: 147 | C11: 368 | D11: 4012.7457 | E11: 754.17445 | F11: -82.112576 | G11: 4013.2629 | H11: 753.65725
A12: 10 | B12: 147 | C12: 369 | D12: 3922.59 | E12: 480.97534 | F12: -78.840882 | G12: 3923.0415 | H12: 480.52387
A13: 8 | B13: 147 | C13: 289 | D13: 4003.5375 | E13: 751.13576 | F13: 4.1792633 | G13: 4003.5389 | H13: 751.13442
A14: 9 | B14: 147 | C14: 290 | D14: 3913.3818 | E14: 477.93664 | F14: 7.4509574 | G14: 3913.3859 | H14: 477.9326
... A2581: 2575 | B2581: 2968 | C2581: 3557 | D2581: 22430.648 | E2581: 2236.5693 | F2581: -3323.1215 | G2581: 22566.448 | H2581: 2100.7699
