Workbook

Sheet Summary
B2: FEM | C2: Element | D2: NID | E2: S1 | F2: S2 | G2: S12 | H2: S_max | I2: % Difference | K2: psi | L2: match Row
B3: PyDFEM6 | C3: {=INDEX(PyDFEM6!B:B,$L$3)} -> 5740 | D3: {=INDEX(PyDFEM6!C:C,$L3)} -> 7285 | E3: {=INDEX(PyDFEM6!D:D,$L3)/1000} -> 24.956447 | F3: {=INDEX(PyDFEM6!E:E,$L3)/1000} -> 5.4405511 | G3: {=INDEX(PyDFEM6!F:F,$L3)/1000} -> -6.7184913 | H3: {=INDEX(PyDFEM6!G:G,$L3)/1000} -> 25.518484 | I3: =(H3-H4)/$H$8 -> 0.071832102 | K3: =MAX(PyDFEM6!G:G) -> 25518.484 | L3: =MATCH(K3,PyDFEM6!G:G,0) -> 1938
B4: PyDFEM8 | C4: {=INDEX(PyDFEM8!B:B,$L$3)} -> 3369 | D4: {=INDEX(PyDFEM8!C:C,$L4)} -> 4170 | E4: {=INDEX(PyDFEM8!D:D,$L4)/1000} -> 23.529425 | F4: {=INDEX(PyDFEM8!E:E,$L4)/1000} -> 3.3805276 | G4: {=INDEX(PyDFEM8!F:F,$L4)/1000} -> -4.603076 | H4: {=INDEX(PyDFEM8!G:G,$L4)/1000} -> 23.788978 | I4: =(H4-H5)/$H$8 -> 0.0041330936 | K4: =MAX(PyDFEM8!G:G) -> 23788.978 | L4: =MATCH(K4,PyDFEM8!G:G,0) -> 1497
B5: PyDFEM10 | C5: {=INDEX(PyDFEM10!B:B,$L$3)} -> 4080 | D5: {=INDEX(PyDFEM10!C:C,$L5)} -> 5295 | E5: {=INDEX(PyDFEM10!D:D,$L5)/1000} -> 23.550159 | F5: {=INDEX(PyDFEM10!E:E,$L5)/1000} -> 3.2356388 | G5: {=INDEX(PyDFEM10!F:F,$L5)/1000} -> -3.3759955 | H5: {=INDEX(PyDFEM10!G:G,$L5)/1000} -> 23.689465 | I5: =(H5-H6)/$H$8 -> 0.007667234 | K5: =MAX(PyDFEM10!G:G) -> 23689.465 | L5: =MATCH(K5,PyDFEM10!G:G,0) -> 2021
B6: PyDFEM12 | C6: {=INDEX(PyDFEM12!B:B,$L$3)} -> 2707 | D6: {=INDEX(PyDFEM12!C:C,$L6)} -> 3557 | E6: {=INDEX(PyDFEM12!D:D,$L6)/1000} -> 23.434095 | F6: {=INDEX(PyDFEM12!E:E,$L6)/1000} -> 3.2877368 | G6: {=INDEX(PyDFEM12!F:F,$L6)/1000} -> -2.3922129 | H6: {=INDEX(PyDFEM12!G:G,$L6)/1000} -> 23.504861 | I6: =(H6-H7)/$H$8 -> -0.057134328 | K6: =MAX(PyDFEM12!G:G) -> 23504.861 | L6: =MATCH(K6,PyDFEM12!G:G,0) -> 2103
B7: PyDFEM14 | C7: {=INDEX(PyDFEM14!B:B,$L$3)} -> 3073 | D7: {=INDEX(PyDFEM14!C:C,$L7)} -> 3872 | E7: {=INDEX(PyDFEM14!D:D,$L7)/1000} -> 24.857163 | F7: {=INDEX(PyDFEM14!E:E,$L7)/1000} -> 3.6780457 | G7: {=INDEX(PyDFEM14!F:F,$L7)/1000} -> -1.4064656 | H7: {=INDEX(PyDFEM14!G:G,$L7)/1000} -> 24.880488 | I7: =(H7-H8)/$H$8 -> 0.033368916 | K7: =MAX(PyDFEM14!G:G) -> 24880.488 | L7: =MATCH(K7,PyDFEM14!G:G,0) -> 2056
B8: PyDFEM16 | C8: {=INDEX(PyDFEM16!B:B,$L$3)} -> 4371 | D8: {=INDEX(PyDFEM16!C:C,$L8)} -> 6629 | E8: {=INDEX(PyDFEM16!D:D,$L8)/1000} -> 23.836566 | F8: {=INDEX(PyDFEM16!E:E,$L8)/1000} -> 3.2462221 | G8: {=INDEX(PyDFEM16!F:F,$L8)/1000} -> -4.4764861 | H8: {=INDEX(PyDFEM16!G:G,$L8)/1000} -> 24.077062 | I8: 0 | K8: =MAX(PyDFEM16!G:G) -> 24077.062 | L8: =MATCH(K8,PyDFEM16!G:G,0) -> 1900

Sheet PyDFEM6
A1: 6 Elements
B2: Element | C2: NID | D2: S1 | E2: S2 | F2: S12 | G2: S_max | H2: S_min
A3: 0 | B3: 145 | C3: 287 | D3: 3821.5496 | E3: 1261.1114 | F3: 0 | G3: 3821.5496 | H3: 1261.1114
A4: 1 | B4: 145 | C4: 288 | D4: 3713.5325 | E4: 933.78682 | F4: 1.4730285 | G4: 3713.5327 | H4: 933.78663
A5: 2 | B5: 145 | C5: 367 | D5: 3717.6784 | E5: 935.15495 | F5: -101.91471 | G5: 3718.6113 | H5: 934.22206
A6: 3 | B6: 145 | C6: 366 | D6: 3825.6955 | E6: 1262.4795 | F6: -103.38774 | G6: 3826.7376 | H6: 1261.4374
A7: 4 | B7: 146 | C7: 288 | D7: 3921.5136 | E7: 1002.4206 | F7: 1.4730285 | G7: 3921.5138 | H7: 1002.4204
A8: 5 | B8: 146 | C8: 289 | D8: 3818.4314 | E8: 690.05024 | F8: 4.1792457 | G8: 3818.4328 | H8: 690.04884
A9: 6 | B9: 146 | C9: 368 | D9: 3826.048 | E9: 692.56373 | F9: -94.485157 | G9: 3826.7601 | H9: 691.85163
A10: 7 | B10: 146 | C10: 367 | D10: 3929.1302 | E10: 1004.9341 | F10: -97.191374 | G10: 3929.9376 | H10: 1004.1267
A11: 8 | B11: 147 | C11: 289 | D11: 4003.5379 | E11: 751.13538 | F11: 4.1792457 | G11: 4003.5392 | H11: 751.13403
A12: 9 | B12: 147 | C12: 290 | D12: 3913.382 | E12: 477.9359 | F12: 7.4509218 | G12: 3913.3861 | H12: 477.93186
A13: 10 | B13: 147 | C13: 369 | D13: 3922.5901 | E13: 480.97458 | F13: -78.84103 | G13: 3923.0416 | H13: 480.52312
A14: 11 | B14: 147 | C14: 368 | D14: 4012.746 | E14: 754.17406 | F14: -82.112706 | G14: 4013.2632 | H14: 753.65685
... A2043: 2040 | B2043: 5762 | C2043: 7337 | D2043: 18219.335 | E2043: 3946.6322 | F2043: -2305.4509 | G2043: 18311.835 | H2043: 3854.1325

Sheet PyDFEM8
A1: 8 Element
B2: Element | C2: NID | D2: S1 | E2: S2 | F2: S12 | G2: S_max | H2: S_min
A3: 0 | B3: 145 | C3: 287 | D3: 3821.5497 | E3: 1261.1114 | F3: 0 | G3: 3821.5497 | H3: 1261.1114
A4: 1 | B4: 145 | C4: 288 | D4: 3713.5327 | E4: 933.78704 | F4: 1.4730318 | G4: 3713.5329 | H4: 933.78685
A5: 2 | B5: 145 | C5: 367 | D5: 3717.6785 | E5: 935.15517 | F5: -101.91464 | G5: 3718.6114 | H5: 934.22229
A6: 3 | B6: 145 | C6: 366 | D6: 3825.6955 | E6: 1262.4795 | F6: -103.38767 | G6: 3826.7377 | H6: 1261.4374
A7: 4 | B7: 146 | C7: 288 | D7: 3921.5135 | E7: 1002.4207 | F7: 1.4730318 | G7: 3921.5137 | H7: 1002.4205
A8: 5 | B8: 146 | C8: 289 | D8: 3818.4314 | E8: 690.05065 | F8: 4.1792571 | G8: 3818.4328 | H8: 690.04926
A9: 6 | B9: 146 | C9: 368 | D9: 3826.0481 | E9: 692.56416 | F9: -94.485066 | G9: 3826.7602 | H9: 691.85206
A10: 7 | B10: 146 | C10: 367 | D10: 3929.1302 | E10: 1004.9342 | F10: -97.191291 | G10: 3929.9376 | H10: 1004.1269
A11: 8 | B11: 147 | C11: 289 | D11: 4003.5377 | E11: 751.13572 | F11: 4.1792571 | G11: 4003.539 | H11: 751.13438
A12: 9 | B12: 147 | C12: 290 | D12: 3913.3819 | E12: 477.93658 | F12: 7.4509472 | G12: 3913.386 | H12: 477.93254
A13: 10 | B13: 147 | C13: 369 | D13: 3922.5901 | E13: 480.97527 | F13: -78.8409 | G13: 3923.0416 | H13: 480.52381
A14: 11 | B14: 147 | C14: 368 | D14: 4012.7458 | E14: 754.17441 | F14: -82.11259 | G14: 4013.263 | H14: 753.65721
... A2652: 2377 | B2652: 4061 | C2652: 5272 | D2652: 5557.1601 | E2652: 142.42559 | F2652: -1133.709 | G2652: 5615.8661 | H2652: 83.719548

Sheet PyDFEM10
A1: 10 Elements
B2: Element | C2: NID | D2: S1 | E2: S2 | F2: S12 | G2: S_max | H2: S_min
A3: 0 | B3: 145 | C3: 287 | D3: 3821.5498 | E3: 1261.1114 | F3: 0 | G3: 3821.5498 | H3: 1261.1114
A4: 1 | B4: 145 | C4: 288 | D4: 3713.5328 | E4: 933.78705 | F4: 1.4730288 | G4: 3713.533 | H4: 933.78686
A5: 2 | B5: 145 | C5: 367 | D5: 3717.6786 | E5: 935.15518 | F5: -101.91465 | G5: 3718.6115 | H5: 934.22229
A6: 3 | B6: 145 | C6: 366 | D6: 3825.6957 | E6: 1262.4796 | F6: -103.38768 | G6: 3826.7378 | H6: 1261.4374
A7: 4 | B7: 146 | C7: 288 | D7: 3921.5137 | E7: 1002.4207 | F7: 1.4730288 | G7: 3921.5138 | H7: 1002.4206
A8: 5 | B8: 146 | C8: 289 | D8: 3818.4315 | E8: 690.05067 | F8: 4.1792508 | G8: 3818.4329 | H8: 690.04927
A9: 6 | B9: 146 | C9: 368 | D9: 3826.0482 | E9: 692.56416 | F9: -94.485073 | G9: 3826.7603 | H9: 691.85206
A10: 7 | B10: 146 | C10: 367 | D10: 3929.1303 | E10: 1004.9342 | F10: -97.191295 | G10: 3929.9377 | H10: 1004.1269
A11: 11 | B11: 147 | C11: 368 | D11: 4012.7459 | E11: 754.17442 | F11: -82.112587 | G11: 4013.2632 | H11: 753.65722
A12: 10 | B12: 147 | C12: 369 | D12: 3922.5902 | E12: 480.97531 | F12: -78.8409 | G12: 3923.0417 | H12: 480.52385
A13: 8 | B13: 147 | C13: 289 | D13: 4003.5378 | E13: 751.13573 | F13: 4.1792508 | G13: 4003.5391 | H13: 751.13439
A14: 9 | B14: 147 | C14: 290 | D14: 3913.3821 | E14: 477.93662 | F14: 7.4509378 | G14: 3913.3861 | H14: 477.93258
... A2793: 2455 | B2793: 4280 | C2793: 5488 | D2793: 5415.5198 | E2793: 243.99381 | F2793: -1152.7241 | G2793: 5478.9762 | H2793: 180.5374

Sheet PyDFEM12
A1: 12 Elements
B2: Element | C2: NID | D2: S1 | E2: S2 | F2: S12 | G2: S_max | H2: S_min
A3: 0 | B3: 145 | C3: 287 | D3: 3821.5496 | E3: 1261.1114 | F3: 0 | G3: 3821.5496 | H3: 1261.1114
A4: 1 | B4: 145 | C4: 288 | D4: 3713.5326 | E4: 933.78709 | F4: 1.4730351 | G4: 3713.5328 | H4: 933.78689
A5: 2 | B5: 145 | C5: 367 | D5: 3717.6784 | E5: 935.15522 | F5: -101.91461 | G5: 3718.6113 | H5: 934.22233
A6: 3 | B6: 145 | C6: 366 | D6: 3825.6955 | E6: 1262.4795 | F6: -103.38765 | G6: 3826.7376 | H6: 1261.4374
A7: 4 | B7: 146 | C7: 288 | D7: 3921.5134 | E7: 1002.4208 | F7: 1.4730351 | G7: 3921.5136 | H7: 1002.4206
A8: 5 | B8: 146 | C8: 289 | D8: 3818.4313 | E8: 690.05074 | F8: 4.1792648 | G8: 3818.4327 | H8: 690.04934
A9: 6 | B9: 146 | C9: 368 | D9: 3826.048 | E9: 692.56424 | F9: -94.485041 | G9: 3826.7601 | H9: 691.85214
A10: 7 | B10: 146 | C10: 367 | D10: 3929.1301 | E10: 1004.9343 | F10: -97.191271 | G10: 3929.9375 | H10: 1004.1269
A11: 11 | B11: 147 | C11: 368 | D11: 4012.7457 | E11: 754.17448 | F11: -82.112567 | G11: 4013.2629 | H11: 753.65728
A12: 10 | B12: 147 | C12: 369 | D12: 3922.59 | E12: 480.97539 | F12: -78.840872 | G12: 3923.0415 | H12: 480.52392
A13: 8 | B13: 147 | C13: 289 | D13: 4003.5375 | E13: 751.13578 | F13: 4.1792648 | G13: 4003.5389 | H13: 751.13444
A14: 9 | B14: 147 | C14: 290 | D14: 3913.3818 | E14: 477.93669 | F14: 7.4509603 | G14: 3913.3859 | H14: 477.93265
... A2822: 2430 | B2822: 2932 | C2822: 2074 | D2822: 16012.371 | E2822: -3.8559913 | F2822: 10.644139 | G2822: 16012.373 | H2822: -3.8577598

Sheet PyDFEM14
A1: 14 Elements
B2: Element | C2: NID | D2: S1 | E2: S2 | F2: S12 | G2: S_max | H2: S_min
A3: 0 | B3: 145 | C3: 287 | D3: 3821.5497 | E3: 1261.1114 | F3: 0 | G3: 3821.5497 | H3: 1261.1114
A4: 1 | B4: 145 | C4: 288 | D4: 3713.5327 | E4: 933.78703 | F4: 1.4730309 | G4: 3713.5329 | H4: 933.78684
A5: 2 | B5: 145 | C5: 367 | D5: 3717.6785 | E5: 935.15516 | F5: -101.91465 | G5: 3718.6114 | H5: 934.22227
A6: 3 | B6: 145 | C6: 366 | D6: 3825.6956 | E6: 1262.4795 | F6: -103.38768 | G6: 3826.7377 | H6: 1261.4374
A7: 4 | B7: 146 | C7: 288 | D7: 3921.5136 | E7: 1002.4207 | F7: 1.4730309 | G7: 3921.5137 | H7: 1002.4205
A8: 5 | B8: 146 | C8: 289 | D8: 3818.4314 | E8: 690.05064 | F8: 4.1792549 | G8: 3818.4328 | H8: 690.04924
A9: 6 | B9: 146 | C9: 368 | D9: 3826.0481 | E9: 692.56413 | F9: -94.485073 | G9: 3826.7602 | H9: 691.85204
A10: 7 | B10: 146 | C10: 367 | D10: 3929.1302 | E10: 1004.9342 | F10: -97.191297 | G10: 3929.9376 | H10: 1004.1269
A11: 8 | B11: 147 | C11: 289 | D11: 4003.5377 | E11: 751.13571 | F11: 4.1792549 | G11: 4003.539 | H11: 751.13436
A12: 9 | B12: 147 | C12: 290 | D12: 3913.382 | E12: 477.93655 | F12: 7.4509435 | G12: 3913.386 | H12: 477.93251
A13: 10 | B13: 147 | C13: 369 | D13: 3922.5901 | E13: 480.97525 | F13: -78.840906 | G13: 3923.0416 | H13: 480.52378
A14: 11 | B14: 147 | C14: 368 | D14: 4012.7459 | E14: 754.1744 | F14: -82.112595 | G14: 4013.2631 | H14: 753.65719
... A3413: 3410 | B3413: 4053 | C3413: 6553 | D3413: 6446.1547 | E3413: 178.93322 | F3413: -1335.8446 | G3413: 6516.5471 | H3413: 108.54077

Sheet PyDFEM16
A1: 16 Elements
B2: Element | C2: NID | D2: S1 | E2: S2 | F2: S12 | G2: S_max | H2: S_min
A3: 0 | B3: 145 | C3: 287 | D3: 3821.5497 | E3: 1261.1114 | F3: 0 | G3: 3821.5497 | H3: 1261.1114
A4: 1 | B4: 145 | C4: 288 | D4: 3713.5326 | E4: 933.78706 | F4: 1.4730334 | G4: 3713.5328 | H4: 933.78687
A5: 2 | B5: 145 | C5: 367 | D5: 3717.6785 | E5: 935.15519 | F5: -101.91463 | G5: 3718.6114 | H5: 934.22231
A6: 3 | B6: 145 | C6: 366 | D6: 3825.6955 | E6: 1262.4795 | F6: -103.38766 | G6: 3826.7376 | H6: 1261.4374
A7: 4 | B7: 146 | C7: 288 | D7: 3921.5135 | E7: 1002.4207 | F7: 1.4730334 | G7: 3921.5137 | H7: 1002.4206
A8: 5 | B8: 146 | C8: 289 | D8: 3818.4314 | E8: 690.05069 | F8: 4.1792609 | G8: 3818.4327 | H8: 690.0493
A9: 6 | B9: 146 | C9: 368 | D9: 3826.048 | E9: 692.5642 | F9: -94.485054 | G9: 3826.7601 | H9: 691.8521
A10: 7 | B10: 146 | C10: 367 | D10: 3929.1301 | E10: 1004.9342 | F10: -97.191281 | G10: 3929.9375 | H10: 1004.1269
A11: 11 | B11: 147 | C11: 368 | D11: 4012.7458 | E11: 754.17445 | F11: -82.112578 | G11: 4013.263 | H11: 753.65724
A12: 10 | B12: 147 | C12: 369 | D12: 3922.59 | E12: 480.97533 | F12: -78.840886 | G12: 3923.0415 | H12: 480.52387
A13: 8 | B13: 147 | C13: 289 | D13: 4003.5376 | E13: 751.13575 | F13: 4.1792609 | G13: 4003.5389 | H13: 751.13441
A14: 9 | B14: 147 | C14: 290 | D14: 3913.3819 | E14: 477.93663 | F14: 7.4509536 | G14: 3913.3859 | H14: 477.93259
... A2925: 2919 | B2925: 4618 | C2925: 7143 | D2925: 5173.5539 | E2925: 224.80141 | F2925: -1220.073 | G2925: 5247.6443 | H2925: 150.71099
